classification,symbol,trades,net_pnl,avg_pnl,win_rate
Extreme Fear,@107,67,963.025943,14.373521537313433,0.3283582089552239
Extreme Fear,@4,28,648.984412,23.178014714285716,0.5357142857142857
Extreme Fear,@49,4,-40.712216999999995,-10.178054249999999,0.0
Extreme Fear,@8,2,0.0,0.0,0.0
Extreme Fear,AAVE,3,54.547115999999995,18.182371999999997,0.6666666666666666
Extreme Fear,ADA,5,0.0,0.0,0.0
Extreme Fear,AI,6,29.920432,4.986738666666667,0.5
Extreme Fear,AI16Z,29,499.510375,17.22449568965517,0.4482758620689655
Extreme Fear,AIXBT,5,71.32288,14.264576,0.6
Extreme Fear,ALGO,1,0.0,0.0,0.0
Extreme Fear,APE,10,0.0,0.0,0.0
Extreme Fear,APT,1,0.0,0.0,0.0
Extreme Fear,ARB,1,0.0,0.0,0.0
Extreme Fear,AVAX,2,0.0,0.0,0.0
Extreme Fear,BADGER,10,22.546093,2.2546093,0.6
Extreme Fear,BIO,2,0.0,0.0,0.0
Extreme Fear,BLAST,1,0.0,0.0,0.0
Extreme Fear,BLUR,1,0.0,0.0,0.0
Extreme Fear,BNB,1,0.0,0.0,0.0
Extreme Fear,BOME,2,0.0,0.0,0.0
Extreme Fear,BRETT,3,0.0,0.0,0.0
Extreme Fear,BTC,145,5677.681742,39.15642580689655,0.27586206896551724
Extreme Fear,CHILLGUY,1,0.0,0.0,0.0
Extreme Fear,CRV,36,17.724967999999993,0.49236022222222203,0.1388888888888889
Extreme Fear,DOGE,1,0.0,0.0,0.0
Extreme Fear,DYM,2,0.0,0.0,0.0
Extreme Fear,EIGEN,1,0.0,0.0,0.0
Extreme Fear,ENA,61,0.0,0.0,0.0
Extreme Fear,ETH,166,3.324684,0.02002821686746988,0.006024096385542169
Extreme Fear,FARTCOIN,31,-5606.857421000001,-180.86636841935487,0.1935483870967742
Extreme Fear,FTT,12,9.813842000000001,0.8178201666666668,0.3333333333333333
Extreme Fear,GALA,6,0.0,0.0,0.0
Extreme Fear,GMT,1,0.0,0.0,0.0
Extreme Fear,GOAT,1,102.50732,102.50732,1.0
Extreme Fear,GRASS,20,44.727662,2.2363831000000003,0.25
Extreme Fear,HBAR,2,0.0,0.0,0.0
Extreme Fear,HPOS,2,0.0,0.0,0.0
Extreme Fear,HYPE,1310,1359.117594,1.0374943465648856,0.38549618320610685
Extreme Fear,ILV,1,0.0,0.0,0.0
Extreme Fear,IMX,2,0.0,0.0,0.0
Extreme Fear,IO,3,0.5836,0.19453333333333334,1.0
Extreme Fear,JUP,12,21.279519999999998,1.7732933333333332,0.16666666666666666
Extreme Fear,LINK,2,0.0,0.0,0.0
Extreme Fear,MELANIA,27,0.0,0.0,0.0
Extreme Fear,MEW,1,0.0,0.0,0.0
Extreme Fear,MOODENG,3,0.0,0.0,0.0
Extreme Fear,NEAR,1,0.0,0.0,0.0
Extreme Fear,NEIROETH,1,0.0,0.0,0.0
Extreme Fear,OP,1,0.0,0.0,0.0
Extreme Fear,PENDLE,18,51.038697,2.8354831666666667,0.2222222222222222
Extreme Fear,PENGU,11,29.854743000000003,2.7140675454545455,1.0
Extreme Fear,PNUT,1,0.0,0.0,0.0
Extreme Fear,POPCAT,1,0.0,0.0,0.0
Extreme Fear,PURR,33,-21.589617999999998,-0.6542308484848485,0.0
Extreme Fear,PURR/USDC,20,0.0,0.0,0.0
Extreme Fear,RSR,26,160.127816,6.158762153846154,0.7307692307692307
Extreme Fear,SAND,3,0.0,0.0,0.0
Extreme Fear,SOL,101,167.652569,1.6599264257425743,0.04950495049504951
Extreme Fear,SUI,8,3.72735,0.46591875,0.125
Extreme Fear,SUPER,3,0.0,0.0,0.0
Extreme Fear,SUSHI,1,0.0,0.0,0.0
Extreme Fear,TAO,1,0.0,0.0,0.0
Extreme Fear,TIA,1,0.0,0.0,0.0
Extreme Fear,UNI,1,0.0,0.0,0.0
Extreme Fear,VIRTUAL,5,111.96326499999999,22.392653,0.4
Extreme Fear,W,1,0.0,0.0,0.0
Extreme Fear,WIF,1,0.0,0.0,0.0
Extreme Fear,WLD,5,0.0,0.0,0.0
Extreme Fear,XRP,15,23.807004,1.5871336,0.2
Extreme Fear,YGG,1,0.0,0.0,0.0
Extreme Fear,ZEREBRO,1,0.0,0.0,0.0
Extreme Fear,ZETA,1,0.0,0.0,0.0
Extreme Fear,ZRO,1,0.0,0.0,0.0
Extreme Fear,kBONK,7,0.0,0.0,0.0
Extreme Fear,kPEPE,23,-5.6938200000000005,-0.24755739130434784,0.0
Extreme Greed,@107,2395,1187083.834424,495.65087032317325,0.85678496868476
Extreme Greed,@11,1,0.0,0.0,0.0
Extreme Greed,@14,16,0.0,0.0,0.0
Extreme Greed,@20,4,0.0,0.0,0.0
Extreme Greed,@3,1,0.0,0.0,0.0
Extreme Greed,@38,1,0.0,0.0,0.0
Extreme Greed,@4,79,-995.984587,-12.607399835443038,0.08860759493670886
Extreme Greed,@41,1,0.0,0.0,0.0
Extreme Greed,@44,1,0.0,0.0,0.0
Extreme Greed,@45,1,0.0,0.0,0.0
Extreme Greed,@46,2,0.0,0.0,0.0
Extreme Greed,@74,1,299.941989,299.941989,1.0
Extreme Greed,@8,40,0.0,0.0,0.0
Extreme Greed,AAVE,102,8706.88256,85.3615937254902,0.4803921568627451
Extreme Greed,ADA,9,753.713716,83.74596844444444,0.3333333333333333
Extreme Greed,APE,45,2072.62718,46.058381777777775,0.37777777777777777
Extreme Greed,AR,6,129.77132,21.628553333333333,0.8333333333333334
Extreme Greed,ATOM,3,0.0,0.0,0.0
Extreme Greed,AVAX,6,1.252022,0.20867033333333332,0.3333333333333333
Extreme Greed,BANANA,3,-35.883988,-11.961329333333333,0.0
Extreme Greed,BLAST,4,135.989017,33.99725425,1.0
Extreme Greed,BNB,6,14.42765,2.4046083333333335,0.3333333333333333
Extreme Greed,BRETT,43,-874.029129,-20.326258813953487,0.0
Extreme Greed,BTC,319,13258.094285,41.561424090909085,0.31974921630094044
Extreme Greed,CHILLGUY,10,21.008012,2.1008012000000003,0.4
Extreme Greed,CRV,13,-1199.624026,-92.27877123076922,0.0
Extreme Greed,DOGE,24,680.199819,28.341659125000003,0.5416666666666666
Extreme Greed,DOT,13,6.140043,0.47231100000000004,0.5384615384615384
Extreme Greed,EIGEN,26,285.021189,10.962353423076923,0.4230769230769231
Extreme Greed,ENA,23,2.333863,0.10147230434782609,0.08695652173913043
Extreme Greed,ETH,613,-104319.410535,-170.17848374388254,0.15171288743882544
Extreme Greed,ETHFI,17,1412.314654,83.0773325882353,0.5294117647058824
Extreme Greed,FET,2,17.0533,8.52665,0.5
Extreme Greed,FTT,226,384.150912,1.699782796460177,0.3230088495575221
Extreme Greed,FXS,14,-64.437356,-4.6026682857142855,0.0
Extreme Greed,GMX,57,61.855318,1.0851810175438596,0.45614035087719296
Extreme Greed,GOAT,68,7714.837834,113.45349755882353,0.6323529411764706
Extreme Greed,GRASS,2,132.48739,66.243695,1.0
Extreme Greed,HBAR,52,637.48106,12.259251153846153,0.21153846153846154
Extreme Greed,HPOS,8,0.0,0.0,0.0
Extreme Greed,HYPE,108,336.71153499999997,3.117699398148148,0.21296296296296297
Extreme Greed,IMX,3,1.308111,0.436037,0.6666666666666666
Extreme Greed,INJ,19,31.518318,1.6588588421052632,0.47368421052631576
Extreme Greed,IO,58,-32.56077100000001,-0.561392603448276,0.15517241379310345
Extreme Greed,JUP,35,852.0054,24.34301142857143,0.9428571428571428
Extreme Greed,LDO,14,11.591396999999999,0.8279569285714284,0.14285714285714285
Extreme Greed,LINK,27,150.499455,5.57405388888889,0.14814814814814814
Extreme Greed,LTC,2,0.0,0.0,0.0
Extreme Greed,MANTA,2,0.0,0.0,0.0
Extreme Greed,MATIC,10,48.144522,4.8144522,0.4
Extreme Greed,MAV,2,0.0189,0.00945,0.5
Extreme Greed,ME,10,2767.02671,276.702671,0.8
Extreme Greed,MEME,41,2548.372036,62.15541551219513,0.4634146341463415
Extreme Greed,MOODENG,60,128.779512,2.1463252,0.25
Extreme Greed,NEAR,2,12.57768,6.28884,0.5
Extreme Greed,NTRN,1,0.0,0.0,0.0
Extreme Greed,ORDI,5,4.577412,0.9154823999999999,0.4
Extreme Greed,PENDLE,2,126.7884,63.3942,0.5
Extreme Greed,PNUT,19,8544.6855,449.7202894736842,0.5263157894736842
Extreme Greed,PURR,12,1110.8879670000001,92.57399725,0.3333333333333333
Extreme Greed,PURR/USDC,115,4243.732564,36.90202229565217,0.6
Extreme Greed,RNDR,34,37.58387,1.1054079411764706,0.5882352941176471
Extreme Greed,RUNE,11,181.44086900000002,16.494624454545455,0.45454545454545453
Extreme Greed,SAND,6,34.072534000000005,5.678755666666667,0.3333333333333333
Extreme Greed,SOL,31,1213.8365440000002,39.156017548387105,0.41935483870967744
Extreme Greed,STRK,8,8.088923000000001,1.0111153750000001,0.5
Extreme Greed,SUI,36,722.90799,20.0807775,0.3333333333333333
Extreme Greed,SUSHI,41,17.48538200000001,0.42647273170731725,0.14634146341463414
Extreme Greed,TAO,1,9.504275,9.504275,1.0
Extreme Greed,TIA,10,373.544,37.3544,0.2
Extreme Greed,TNSR,187,625.65131,3.3457289304812834,0.47058823529411764
Extreme Greed,TRX,71,141.46889399999998,1.9925196338028166,0.08450704225352113
Extreme Greed,TURBO,29,7491.47082,258.32658,0.5862068965517241
Extreme Greed,UNI,5,8.084583,1.6169166000000001,0.4
Extreme Greed,W,36,113.419746,3.1505485,0.4444444444444444
Extreme Greed,WIF,37,2248.600238,60.77297940540541,0.9459459459459459
Extreme Greed,WLD,79,5014.853542,63.47915875949367,0.6455696202531646
Extreme Greed,XAI,4,24.573897000000002,6.143474250000001,0.75
Extreme Greed,XRP,59,-69.98965700000001,-1.1862653728813561,0.2542372881355932
Extreme Greed,YGG,4,1.986852,0.496713,0.25
Extreme Greed,ZETA,5,-13.86348,-2.772696,0.0
Extreme Greed,ZK,4,0.0,0.0,0.0
Extreme Greed,kBONK,46,1985.1070129999998,43.154500282608694,0.717391304347826
Extreme Greed,kPEPE,63,-445.0402710000001,-7.064131285714287,0.30158730158730157
Extreme Greed,kSHIB,10,-39.824881999999995,-3.9824881999999997,0.4
Fear,@1,2,17.328997,8.6644985,0.5
Fear,@10,1,0.0,0.0,0.0
Fear,@107,1456,66950.34187,45.982377657967035,0.3557692307692308
Fear,@13,1,0.0,0.0,0.0
Fear,@142,12,83.780546,6.981712166666667,0.3333333333333333
Fear,@16,1,0.0,0.0,0.0
Fear,@23,9,0.0,0.0,0.0
Fear,@26,1,0.0,0.0,0.0
Fear,@29,1,0.0,0.0,0.0
Fear,@35,1,0.0,0.0,0.0
Fear,@37,1,10.17704,10.17704,1.0
Fear,@38,1,0.0,0.0,0.0
Fear,@39,1,0.0,0.0,0.0
Fear,@4,47,182.202642,3.8766519574468083,0.3404255319148936
Fear,@40,1,0.0,0.0,0.0
Fear,@41,1,0.0,0.0,0.0
Fear,@44,1,0.0,0.0,0.0
Fear,@47,1,0.0,0.0,0.0
Fear,@49,1,0.0,0.0,0.0
Fear,@51,20,0.0,0.0,0.0
Fear,@59,13,0.0,0.0,0.0
Fear,@74,2,0.0,0.0,0.0
Fear,@78,3,0.0,0.0,0.0
Fear,@8,20,111.74482900000001,5.5872414500000005,0.25
Fear,@85,41,0.0,0.0,0.0
Fear,AAVE,37,346.408448,9.362390486486486,0.24324324324324326
Fear,ADA,97,3748.188802,38.6411216701031,0.5567010309278351
Fear,AI16Z,23,327.237482,14.227716608695653,0.5652173913043478
Fear,AIXBT,48,530.73897,11.057061875,0.625
Fear,APE,9,28.01404,3.112671111111111,0.3333333333333333
Fear,APT,5,674.1,134.82,1.0
Fear,ARB,58,365.753917,6.306102017241379,0.22413793103448276
Fear,ATOM,8,3.111853,0.388981625,0.5
Fear,AVAX,21,45.272478,2.1558322857142858,0.5714285714285714
Fear,BIO,8,36.105776,4.513222,0.875
Fear,BLAST,42,302.333602,7.198419095238095,0.2857142857142857
Fear,BLUR,6,126.443496,21.073916,0.5
Fear,BNB,5,-8.937,-1.7873999999999999,0.0
Fear,BRETT,1,6.923826,6.923826,1.0
Fear,BTC,988,53507.79829,54.15769057692307,0.3188259109311741
Fear,CHILLGUY,12,495.31116299999996,41.275930249999995,0.75
Fear,CRV,32,145.367716,4.542741125,0.59375
Fear,DOGE,72,1944.34562,27.00480027777778,0.06944444444444445
Fear,DOT,11,26.496538,2.408776181818182,0.8181818181818182
Fear,DYDX,51,412.325778,8.084819176470589,0.3137254901960784
Fear,EIGEN,31,263.113986,8.487547935483871,0.41935483870967744
Fear,ENA,99,160031.334545,1616.4781267171716,0.7777777777777778
Fear,ENS,4,-7.121359999999999,-1.7803399999999998,0.0
Fear,ETH,2226,304967.315379,137.00238786118598,0.367026055705301
Fear,ETHFI,12,274.216268,22.851355666666667,0.5833333333333334
Fear,FARTCOIN,93,698.367573,7.509328741935484,0.22580645161290322
Fear,FTT,118,574.549737,4.869065567796611,0.3728813559322034
Fear,GRASS,39,-626.600548,-16.066680717948717,0.3333333333333333
Fear,GRIFFAIN,102,1457.773093,14.29189306862745,0.7156862745098039
Fear,HBAR,30,202.209596,6.740319866666667,0.3333333333333333
Fear,HYPE,4165,249124.84881599998,59.81388927154862,0.32797118847539014
Fear,ILV,18,-279.0688,-15.503822222222222,0.0
Fear,IMX,16,17.272028,1.07950175,0.5625
Fear,INJ,22,32.682104,1.485550181818182,0.7272727272727273
Fear,IO,4,0.0,0.0,0.0
Fear,IP,39,-573.142834,-14.695970102564102,0.0
Fear,JTO,4,22.476,5.619,0.25
Fear,JUP,135,1732.248652,12.831471496296297,0.5407407407407407
Fear,KAITO,4,0.0,0.0,0.0
Fear,LDO,10,19.189546,1.9189546,0.7
Fear,LINK,51,502.67816300000004,9.856434568627451,0.5294117647058824
Fear,LTC,6,0.0,0.0,0.0
Fear,MANTA,15,1221.761736,81.4507824,0.8666666666666667
Fear,ME,126,13770.715332,109.29139152380952,0.7619047619047619
Fear,MELANIA,127,11744.81917,92.47889110236221,0.15748031496062992
Fear,MEME,15,540.39498,36.026332000000004,0.13333333333333333
Fear,MERL,2,-3.17364,-1.58682,0.0
Fear,NEAR,58,5191.94818,89.51634793103449,0.9137931034482759
Fear,NTRN,8,189.04579,23.63072375,0.625
Fear,ONDO,104,892.205567,8.578899682692308,0.2403846153846154
Fear,OP,26,12.98596,0.49946,0.038461538461538464
Fear,PENDLE,147,2189.900712,14.897283755102041,0.5102040816326531
Fear,PENGU,38,88.070705,2.3176501315789473,0.5263157894736842
Fear,PURR,114,3330.992521,29.219232640350878,0.9122807017543859
Fear,PURR/USDC,152,5650.47656,37.17418789473684,0.5394736842105263
Fear,RENDER,3,5.309419999999999,1.7698066666666665,0.6666666666666666
Fear,RNDR,2,47.6918,23.8459,0.5
Fear,RUNE,20,278.327902,13.916395099999999,0.8
Fear,S,116,-8642.64088,-74.50552482758621,0.31896551724137934
Fear,SAND,8,-15.020439999999999,-1.8775549999999999,0.0
Fear,SOL,1086,826402.583451,760.9600215939226,0.45119705340699817
Fear,SPX,14,2057.209938,146.943567,0.9285714285714286
Fear,STRK,7,13.53095,1.9329928571428572,0.7142857142857143
Fear,SUI,131,1129.126934,8.619289572519083,0.183206106870229
Fear,SUSHI,13,161.497127,12.422855923076924,0.38461538461538464
Fear,TAO,76,4616.587503,60.744572407894736,0.5526315789473685
Fear,TIA,23,-331.20105600000005,-14.400045913043481,0.391304347826087
Fear,TNSR,79,227.131914,2.8750875189873417,0.27848101265822783
Fear,TRUMP,2,3.6423,1.82115,0.5
Fear,TURBO,8,1.1259480000000002,0.14074350000000002,0.375
Fear,USUAL,63,44810.246049,711.2737468095238,0.31746031746031744
Fear,VINE,104,-33.98357799999999,-0.32676517307692293,0.20192307692307693
Fear,VIRTUAL,3,0.0,0.0,0.0
Fear,VVV,42,1557.896476,37.09277323809523,0.9285714285714286
Fear,W,265,217.66370899999998,0.8213724867924528,0.30943396226415093
Fear,WIF,42,1571.1374910000002,37.408035500000004,0.7619047619047619
Fear,WLD,122,3444.583702,28.23429263934426,0.39344262295081966
Fear,XAI,4,1049.63991,262.4099775,0.75
Fear,XRP,107,1535.110466,14.34682678504673,0.6728971962616822
Fear,YGG,14,958.7833300000001,68.48452357142858,0.8571428571428571
Fear,ZEREBRO,57,480.13165599999996,8.423362385964912,0.9649122807017544
Fear,ZK,16,30.504777999999998,1.9065486249999999,0.75
Fear,kBONK,26,617.578295,23.753011346153848,0.46153846153846156
Fear,kPEPE,82,3357.985323,40.951040524390244,0.7682926829268293
Fear,kSHIB,1,0.0,0.0,0.0
Greed,@1,1,-47.982752,-47.982752,0.0
Greed,@10,2,-0.063484,-0.031742,0.0
Greed,@103,2,9.970923,4.9854615,0.5
Greed,@107,1911,163918.426263,85.77625654788069,0.39717425431711145
Greed,@113,1,15.495707,15.495707,1.0
Greed,@13,2,-0.12379,-0.061895,0.0
Greed,@14,1,0.0,0.0,0.0
Greed,@142,149,1034.229436,6.9411371543624165,0.4228187919463087
Greed,@16,2,-0.060429,-0.0302145,0.0
Greed,@20,20,4.738087999999999,0.23690439999999996,0.1
Greed,@26,8,-0.25801799999999997,-0.032252249999999996,0.0
Greed,@29,4,-0.078374,-0.0195935,0.0
Greed,@3,13,0.462514,0.035578,0.15384615384615385
Greed,@33,3,13.566929,4.522309666666667,0.6666666666666666
Greed,@35,2,67.028127,33.5140635,1.0
Greed,@38,1,33.271993,33.271993,1.0
Greed,@39,1,12.238556,12.238556,1.0
Greed,@4,190,219.048013,1.1528842789473683,0.1736842105263158
Greed,@40,1,16.748319,16.748319,1.0
Greed,@41,2,36.73844,18.36922,0.5
Greed,@42,1,0.0,0.0,0.0
Greed,@47,3,50.313458,16.771152666666666,0.6666666666666666
Greed,@51,1,-37.27303,-37.27303,0.0
Greed,@59,2,0.0,0.0,0.0
Greed,@63,1,-20.663546,-20.663546,0.0
Greed,@74,1,12.703987,12.703987,1.0
Greed,@8,34,51.56325,1.5165661764705882,0.14705882352941177
Greed,@85,25,16966.719764,678.66879056,0.84
Greed,AAVE,28,66.221586,2.365056642857143,0.10714285714285714
Greed,ACE,3,118.86720000000001,39.622400000000006,0.6666666666666666
Greed,ADA,13,2.758639,0.212203,0.38461538461538464
Greed,AI,7,11.54844,1.6497771428571428,0.42857142857142855
Greed,AI16Z,46,2232.1048849999997,48.52401923913043,0.6956521739130435
Greed,AIXBT,47,1305.922214,27.785579021276593,0.7872340425531915
Greed,ALT,13,230.6884,17.745261538461538,0.3076923076923077
Greed,ANIME,2,70.90326,35.45163,0.5
Greed,APE,68,687.161923,10.105322397058824,0.3382352941176471
Greed,ARB,4,-0.000711,-0.00017775,0.0
Greed,ARK,4,26.13828,6.53457,1.0
Greed,ATOM,6,0.385392,0.064232,0.16666666666666666
Greed,AVAX,14,0.0,0.0,0.0
Greed,BIGTIME,29,1567.72619,54.05952379310345,0.9655172413793104
Greed,BLUR,4,-0.016659999999999998,-0.004164999999999999,0.0
Greed,BNB,6,1.1031579999999999,0.18385966666666664,0.3333333333333333
Greed,BRETT,8,32.80196,4.100245,0.5
Greed,BTC,1483,25673.411567,17.311808204315575,0.27714093054619016
Greed,CAKE,4,159.880674,39.9701685,1.0
Greed,CHILLGUY,22,38.879668,1.7672576363636365,0.22727272727272727
Greed,COMP,59,1316.2213379999998,22.308836237288133,0.3898305084745763
Greed,CRV,21,334.45763,15.92655380952381,0.5238095238095238
Greed,CYBER,1,191.5296,191.5296,1.0
Greed,DOGE,181,9859.396189,54.47180214917127,0.5303867403314917
Greed,DOT,27,99.633834,3.690142,0.5185185185185185
Greed,DYM,2,131.82795,65.913975,0.5
Greed,EIGEN,11,24.158569000000007,2.1962335454545463,0.6363636363636364
Greed,ENA,17,9.457041,0.5562965294117648,0.35294117647058826
Greed,ETC,2,166.7236,83.3618,1.0
Greed,ETH,1447,-161228.463324,-111.42257313337942,0.19695922598479612
Greed,ETHFI,31,6668.603784,215.1162510967742,0.5161290322580645
Greed,FARTCOIN,271,3689.6347259999993,13.614888287822875,0.41697416974169743
Greed,FET,7,146.6026,20.94322857142857,0.8571428571428571
Greed,FTM,23,3499.979569,152.17302473913043,0.9130434782608695
Greed,FTT,41,149.462058,3.645416048780488,0.2926829268292683
Greed,FXS,37,134.619282,3.638358972972973,0.5135135135135135
Greed,GALA,1,0.0,0.0,0.0
Greed,GMT,2,121.08594,60.54297,0.5
Greed,GMX,9,4.289486,0.47660955555555556,0.4444444444444444
Greed,GOAT,4,0.0,0.0,0.0
Greed,GRASS,21,0.0,0.0,0.0
Greed,GRIFFAIN,1,100.24504,100.24504,1.0
Greed,HBAR,14,640.7445280000001,45.76746628571429,0.42857142857142855
Greed,HPOS,45,41.12001500000008,0.9137781111111128,0.28888888888888886
Greed,HYPE,1669,280902.435696,168.30583325104854,0.731575793888556
Greed,IMX,10,430.10226,43.010226,0.8
Greed,INJ,16,316.344761,19.7715475625,0.3125
Greed,IO,214,-21878.886756,-102.23778857943925,0.09813084112149532
Greed,JELLY,74,6904.064602,93.2981702972973,0.8243243243243243
Greed,JUP,19,15.470944,0.8142602105263158,0.10526315789473684
Greed,LDO,13,10.118436000000003,0.778341230769231,0.23076923076923078
Greed,LINK,34,-26.188207999999992,-0.7702414117647056,0.4411764705882353
Greed,LTC,21,21.504576,1.0240274285714286,0.3333333333333333
Greed,MANTA,14,2.4128,0.17234285714285713,0.21428571428571427
Greed,MATIC,5,95.311216,19.0622432,0.8
Greed,ME,6,775.948818,129.324803,0.6666666666666666
Greed,MELANIA,81,8045.056928,99.3216904691358,0.08641975308641975
Greed,MEME,1,0.0,0.0,0.0
Greed,MOODENG,30,15949.650902000001,531.6550300666667,0.6333333333333333
Greed,MYRO,13,51.19653,3.9381946153846155,0.9230769230769231
Greed,NEAR,13,2020.453305,155.419485,0.8461538461538461
Greed,ONDO,58,2980.732782,51.39194451724138,0.9310344827586207
Greed,OP,64,2396.96776,37.45262125,0.890625
Greed,ORDI,21,35.897842,1.7094210476190475,0.42857142857142855
Greed,PENDLE,123,1889.592328,15.36253925203252,0.5040650406504065
Greed,PENGU,46,630.153732,13.698994173913043,0.30434782608695654
Greed,PEOPLE,1,360.646005,360.646005,1.0
Greed,POLYX,14,618.133683,44.15240592857143,0.9285714285714286
Greed,POPCAT,4,-13.4992,-3.3748,0.0
Greed,PURR,81,1124.420474,13.881734246913581,0.41975308641975306
Greed,PURR/USDC,208,2681.909521,12.893795774038463,0.34615384615384615
Greed,RENDER,166,4027.871434,24.26428574698795,0.5240963855421686
Greed,RNDR,30,1475.52,49.184,0.9666666666666667
Greed,RUNE,73,-330.6583600000001,-4.529566575342467,0.5205479452054794
Greed,SAND,8,17.68226,2.2102825,0.375
Greed,SEI,4,0.00345,0.0008625,0.25
Greed,SOL,499,163750.48315000001,328.15728086172345,0.6492985971943888
Greed,STRK,9,8.483716,0.9426351111111111,0.5555555555555556
Greed,STX,15,75.731122,5.048741466666667,0.4666666666666667
Greed,SUI,106,696.212159,6.568039235849057,0.3490566037735849
Greed,TAO,1,0.068324,0.068324,1.0
Greed,TIA,25,1158.7216620000002,46.348866480000005,0.52
Greed,TNSR,124,1820.5863669999999,14.68214812096774,0.5161290322580645
Greed,TRUMP,34,0.0,0.0,0.0
Greed,TRX,9,528.6926100000001,58.74362333333334,0.5555555555555556
Greed,TURBO,9,29.025653,3.2250725555555553,0.3333333333333333
Greed,UNI,2,13.561684,6.780842,0.5
Greed,USTC,1,0.0,0.0,0.0
Greed,USUAL,21,15955.614222,759.7911534285714,0.47619047619047616
Greed,VINE,77,1653.13782,21.469322337662337,0.24675324675324675
Greed,VIRTUAL,24,9.8904,0.41209999999999997,0.08333333333333333
Greed,W,48,166.028936,3.4589361666666663,0.4166666666666667
Greed,WIF,106,4398.226016,41.49269826415094,0.5377358490566038
Greed,WLD,161,2560.99705,15.906813975155279,0.34782608695652173
Greed,XRP,96,15.363663999999993,0.1600381666666666,0.3125
Greed,ZETA,24,1317.41492,54.89228833333333,0.9583333333333334
Greed,ZK,4,1.6456,0.4114,0.25
Greed,ZRO,1,0.0,0.0,0.0
Greed,kBONK,199,16527.700205,83.05376987437187,0.9045226130653267
Greed,kPEPE,90,6730.000971,74.77778856666667,0.6666666666666666
Greed,kSHIB,3,0.0,0.0,0.0
Neutral,@107,1079,30566.527867,28.32857077571826,0.577386468952734
Neutral,@4,47,382.10788099999996,8.129954914893617,0.10638297872340426
Neutral,@48,1,0.0,0.0,0.0
Neutral,@51,15,0.0,0.0,0.0
Neutral,@8,31,0.0,0.0,0.0
Neutral,AAVE,14,10.935590000000001,0.7811135714285715,0.14285714285714285
Neutral,ADA,4,35.839563,8.95989075,1.0
Neutral,AI16Z,17,82.262124,4.838948470588235,0.5882352941176471
Neutral,AIXBT,9,9.825941,1.0917712222222222,0.5555555555555556
Neutral,APE,10,1519.4846559999999,151.9484656,0.8
Neutral,ARB,17,143.945602,8.467388352941176,0.35294117647058826
Neutral,ATOM,4,33.731024000000005,8.432756000000001,1.0
Neutral,AVAX,4,19.97606,4.994015,0.75
Neutral,BLAST,5,177.767519,35.5535038,0.4
Neutral,BTC,227,6030.436203,26.565798251101324,0.3039647577092511
Neutral,CANTO,8,-188.45613000000003,-23.557016250000004,0.0
Neutral,CHILLGUY,1,0.0,0.0,0.0
Neutral,DOGE,3,26.843200000000003,8.947733333333334,0.6666666666666666
Neutral,DOT,2,22.110708000000002,11.055354000000001,1.0
Neutral,DYM,10,241.24212,24.124212,0.2
Neutral,EIGEN,20,139.62023,6.981011499999999,0.3
Neutral,ENA,57,15.25477,0.26762754385964915,0.07017543859649122
Neutral,ETH,305,11141.073815,36.52811086885246,0.24262295081967214
Neutral,ETHFI,8,0.0,0.0,0.0
Neutral,FARTCOIN,17,81.461842,4.79187305882353,1.0
Neutral,FIL,5,-35.27859,-7.055718000000001,0.0
Neutral,FTM,4,453.55695000000003,113.38923750000001,0.75
Neutral,FTT,40,161.326012,4.0331503,0.325
Neutral,FXS,13,-306.228808,-23.556062153846156,0.0
Neutral,GRASS,22,441.224059,20.055639045454544,0.9545454545454546
Neutral,HBAR,17,152.82600300000001,8.989764882352942,0.7058823529411765
Neutral,HPOS,17,415.968797,24.468752764705883,0.35294117647058826
Neutral,HYPE,50,302.097654,6.04195308,0.54
Neutral,IMX,3,27.414213000000004,9.138071000000002,1.0
Neutral,INJ,2,19.974321,9.9871605,1.0
Neutral,IO,5,0.0,0.0,0.0
Neutral,LDO,4,29.020816,7.255204,1.0
Neutral,LINK,17,47.594909,2.7997005294117647,0.5882352941176471
Neutral,LTC,8,92.725126,11.59064075,1.0
Neutral,MANTA,5,48.680254000000005,9.736050800000001,1.0
Neutral,MATIC,12,-270.04886899999997,-22.504072416666663,0.0
Neutral,MOVE,1,0.0,0.0,0.0
Neutral,NTRN,26,-298.65533600000003,-11.486743692307694,0.038461538461538464
Neutral,ONDO,1,2.3714,2.3714,1.0
Neutral,PENGU,47,2.8122439999999997,0.05983497872340425,0.06382978723404255
Neutral,PURR,122,1241.274117,10.17437800819672,0.8934426229508197
Neutral,PURR/USDC,44,940.155112,21.367161636363637,0.7272727272727273
Neutral,RUNE,20,-65.612606,-3.2806303,0.2
Neutral,SOL,3,75.97725,25.32575,0.3333333333333333
Neutral,STRK,4,48.937833,12.23445825,1.0
Neutral,SUI,26,26.80934,1.0311284615384615,0.19230769230769232
Neutral,SUSHI,16,306.227325,19.1392078125,0.625
Neutral,TAO,22,1882.13669,85.55166772727273,0.7727272727272727
Neutral,TIA,2,22.155672000000003,11.077836000000001,1.0
Neutral,TURBO,12,130.883691,10.90697425,0.5833333333333334
Neutral,VIRTUAL,13,-7.18059,-0.5523530769230769,0.46153846153846156
Neutral,WIF,28,2552.3492,91.15532857142857,0.9285714285714286
Neutral,WLD,47,31.223955,0.6643394680851064,0.3617021276595745
Neutral,XRP,25,287.358323,11.49433292,0.6
Neutral,ZEREBRO,2,39.96634,19.98317,1.0
Neutral,ZK,2,19.948254,9.974127,1.0
Neutral,kBONK,99,10549.438672,106.55998658585858,0.9191919191919192
Neutral,kPEPE,55,4795.321662,87.18766658181819,0.8545454545454545
